URL,Last crawled
https://mapleai.io/barrie,1969-12-31
https://mapleai.io/caledon,1969-12-31
https://mapleai.io/collingwood,1969-12-31
https://mapleai.io/dufferin-county,1969-12-31
https://mapleai.io/grand-valley,1969-12-31
https://mapleai.io/how-it-works,1969-12-31
https://mapleai.io/mono,1969-12-31
https://mapleai.io/orangeville,1969-12-31
https://mapleai.io/services,1969-12-31
https://mapleai.io/services/ai-automation-builds,1969-12-31
https://mapleai.io/services/ai-chatbots,1969-12-31
https://mapleai.io/services/ai-training-workshops,1969-12-31
https://mapleai.io/services/automation-audit,1969-12-31
https://mapleai.io/shelburne,1969-12-31